일자,국내발생(명),해외유입(명)
2020-01-20,-,1 
2020-01-21,-,-
2020-01-22,-,-
2020-01-23,-,-
2020-01-24,-,1 
2020-01-25,-,-
2020-01-26,-,1 
2020-01-27,-,1 
2020-01-28,-,-
2020-01-29,-,-
2020-01-30,1 ,2 
2020-01-31,3 ,1 
2020-02-01,-,1 
2020-02-02,1 ,2 
2020-02-03,-,-
2020-02-04,-,1 
2020-02-05,3 ,2 
2020-02-06,1 ,2 
2020-02-07,-,-
2020-02-08,-,-
2020-02-09,1 ,2 
2020-02-10,1 ,-
2020-02-11,-,-
2020-02-12,-,-
2020-02-13,-,-
2020-02-14,-,-
2020-02-15,-,-
2020-02-16,2 ,-
2020-02-17,-,-
2020-02-18,2 ,-
2020-02-19,34 ,-
2020-02-20,16 ,-
2020-02-21,74 ,-
2020-02-22,190 ,-
2020-02-23,209 ,1 
2020-02-24,206 ,1 
2020-02-25,129 ,1 
2020-02-26,252 ,1 
2020-02-27,447 ,2 
2020-02-28,427 ,-
2020-02-29,909 ,-
2020-03-01,593 ,2 
2020-03-02,684 ,2 
2020-03-03,599 ,1 
2020-03-04,516 ,-
2020-03-05,437 ,1 
2020-03-06,518 ,-
2020-03-07,483 ,-
2020-03-08,366 ,1 
2020-03-09,247 ,1 
2020-03-10,131 ,-
2020-03-11,239 ,3 
2020-03-12,112 ,2 
2020-03-13,107 ,3 
2020-03-14,102 ,5 
2020-03-15,72 ,4 
2020-03-16,70 ,4 
2020-03-17,79 ,5 
2020-03-18,80 ,13 
2020-03-19,135 ,17 
2020-03-20,73 ,14 
2020-03-21,126 ,21 
2020-03-22,77 ,21 
2020-03-23,46 ,18 
2020-03-24,46 ,30 
2020-03-25,42 ,58 
2020-03-26,56 ,48 
2020-03-27,57 ,34 
2020-03-28,90 ,56 
2020-03-29,38 ,67 
2020-03-30,35 ,43 
2020-03-31,88 ,37 
2020-04-01,56 ,45 
2020-04-02,43 ,46 
2020-04-03,37 ,49 
2020-04-04,53 ,41 
2020-04-05,31 ,50 
2020-04-06,25 ,22 
2020-04-07,23 ,24 
2020-04-08,23 ,30 
2020-04-09,13 ,26 
2020-04-10,17 ,10 
2020-04-11,16 ,14 
2020-04-12,9 ,23 
2020-04-13,10 ,15 
2020-04-14,11 ,16 
2020-04-15,13 ,14 
2020-04-16,11 ,11 
2020-04-17,7 ,15 
2020-04-18,9 ,9 
2020-04-19,2 ,6 
2020-04-20,6 ,7 
2020-04-21,4 ,5 
2020-04-22,5 ,6 
2020-04-23,4 ,4 
2020-04-24,4 ,2 
2020-04-25,5 ,5 
2020-04-26,1 ,9 
2020-04-27,3 ,7 
2020-04-28,2 ,12 
2020-04-29,4 ,5 
2020-04-30,-,4 
2020-05-01,1 ,8 
2020-05-02,-,6 
2020-05-03,3 ,10 
2020-05-04,-,8 
2020-05-05,-,3 
2020-05-06,-,2 
2020-05-07,1 ,3 
2020-05-08,1 ,11 
2020-05-09,17 ,1 
2020-05-10,26 ,8 
2020-05-11,29 ,6 
2020-05-12,22 ,5 
2020-05-13,22 ,4 
2020-05-14,26 ,3 
2020-05-15,22 ,5 
2020-05-16,9 ,10 
2020-05-17,6 ,7 
2020-05-18,5 ,10 
2020-05-19,9 ,4 
2020-05-20,24 ,8 
2020-05-21,10 ,2 
2020-05-22,11 ,9 
2020-05-23,19 ,4 
2020-05-24,17 ,8 
2020-05-25,13 ,3 
2020-05-26,16 ,3 
2020-05-27,37 ,3 
2020-05-28,68 ,11 
2020-05-29,55 ,3 
2020-05-30,27 ,12 
2020-05-31,15 ,12 
2020-06-01,30 ,5 
2020-06-02,36 ,2 
2020-06-03,46 ,3 
2020-06-04,33 ,6 
2020-06-05,34 ,5 
2020-06-06,43 ,8 
2020-06-07,53 ,4 
2020-06-08,32 ,5 
2020-06-09,35 ,3 
2020-06-10,43 ,7 
2020-06-11,40 ,5 
2020-06-12,43 ,13 
2020-06-13,43 ,5 
2020-06-14,31 ,3 
2020-06-15,24 ,13 
2020-06-16,21 ,13 
2020-06-17,31 ,12 
2020-06-18,51 ,8 
2020-06-19,32 ,17 
2020-06-20,36 ,31 
2020-06-21,40 ,8 
2020-06-22,11 ,6 
2020-06-23,16 ,30 
2020-06-24,30 ,21 
2020-06-25,23 ,5 
2020-06-26,26 ,13 
2020-06-27,31 ,20 
2020-06-28,40 ,22 
2020-06-29,30 ,12 
2020-06-30,22 ,20 
2020-07-01,36 ,15 
2020-07-02,44 ,10 
2020-07-03,49 ,12 
2020-07-04,36 ,27 
2020-07-05,43 ,18 
2020-07-06,24 ,24 
2020-07-07,20 ,24 
2020-07-08,30 ,32 
2020-07-09,28 ,22 
2020-07-10,23 ,22 
2020-07-11,20 ,15 
2020-07-12,21 ,23 
2020-07-13,19 ,43 
2020-07-14,14 ,19 
2020-07-15,11 ,28 
2020-07-16,14 ,47 
2020-07-17,21 ,39 
2020-07-18,11 ,28 
2020-07-19,21 ,13 
2020-07-20,4 ,22 
2020-07-21,20 ,25 
2020-07-22,29 ,34 
2020-07-23,39 ,20 
2020-07-24,28 ,13 
2020-07-25,27 ,86 
2020-07-26,12 ,46 
2020-07-27,9 ,16 
2020-07-28,5 ,23 
2020-07-29,14 ,34 
2020-07-30,7 ,11 
2020-07-31,14 ,22 
2020-08-01,8 ,23 
2020-08-02,8 ,22 
2020-08-03,3 ,20 
2020-08-04,13 ,21 
2020-08-05,13 ,20 
2020-08-06,23 ,20 
2020-08-07,9 ,11 
2020-08-08,30 ,13 
2020-08-09,30 ,6 
2020-08-10,17 ,11 
2020-08-11,23 ,11 
2020-08-12,35 ,19 
2020-08-13,47 ,9 
2020-08-14,85 ,18 
2020-08-15,154 ,12 
2020-08-16,267 ,12 
2020-08-17,188 ,9 
2020-08-18,235 ,11 
2020-08-19,283 ,14 
2020-08-20,276 ,12 
2020-08-21,315 ,9 
2020-08-22,315 ,17 
2020-08-23,386 ,10 
2020-08-24,258 ,8 
2020-08-25,264 ,16 
2020-08-26,307 ,13 
2020-08-27,434 ,7 
2020-08-28,359 ,12 
2020-08-29,308 ,15 
2020-08-30,283 ,16 
2020-08-31,238 ,10 
2020-09-01,221 ,14 
2020-09-02,253 ,14 
2020-09-03,188 ,7 
2020-09-04,188 ,10 
2020-09-05,158 ,10 
2020-09-06,152 ,15 
2020-09-07,107 ,12 
2020-09-08,120 ,16 
2020-09-09,144 ,12 
2020-09-10,140 ,15 
2020-09-11,161 ,15 
2020-09-12,118 ,18 
2020-09-13,99 ,22 
2020-09-14,98 ,11 
2020-09-15,90 ,16 
2020-09-16,105 ,8 
2020-09-17,145 ,8 
2020-09-18,109 ,17 
2020-09-19,106 ,4 
2020-09-20,72 ,10 
2020-09-21,55 ,15 
2020-09-22,50 ,11 
2020-09-23,99 ,11 
2020-09-24,109 ,16 
2020-09-25,95 ,19 
2020-09-26,49 ,12 
2020-09-27,73 ,22 
2020-09-28,40 ,10 
2020-09-29,23 ,15 
2020-09-30,94 ,19 
2020-10-01,67 ,10 
2020-10-02,53 ,10 
2020-10-03,52 ,23 
2020-10-04,47 ,17 
2020-10-05,64 ,9 
2020-10-06,66 ,9 
2020-10-07,94 ,20 
2020-10-08,60 ,9 
2020-10-09,38 ,16 
2020-10-10,61 ,11 
2020-10-11,46 ,12 
2020-10-12,69 ,29 
2020-10-13,69 ,22 
2020-10-14,53 ,31 
2020-10-15,95 ,15 
2020-10-16,41 ,6 
2020-10-17,62 ,11 
2020-10-18,71 ,20 
2020-10-19,50 ,26 
2020-10-20,41 ,17 
2020-10-21,57 ,32 
2020-10-22,104 ,17 
2020-10-23,138 ,17 
2020-10-24,66 ,11 
2020-10-25,50 ,11 
2020-10-26,94 ,25 
2020-10-27,72 ,16 
2020-10-28,96 ,7 
2020-10-29,107 ,18 
2020-10-30,93 ,20 
2020-10-31,96 ,31 
2020-11-01,101 ,23 
2020-11-02,79 ,18 
2020-11-03,46 ,29 
2020-11-04,98 ,19 
2020-11-05,108 ,17 
2020-11-06,117 ,28 
2020-11-07,72 ,17 
2020-11-08,118 ,25 
2020-11-09,99 ,27 
2020-11-10,71 ,29 
2020-11-11,113 ,32 
2020-11-12,128 ,15 
2020-11-13,162 ,29 
2020-11-14,166 ,39 
2020-11-15,176 ,32 
2020-11-16,192 ,30 
2020-11-17,202 ,28 
2020-11-18,245 ,40 
2020-11-19,293 ,32 
2020-11-20,320 ,28 
2020-11-21,361 ,25 
2020-11-22,302 ,28 
2020-11-23,255 ,16 
2020-11-24,318 ,31 
2020-11-25,363 ,19 
2020-11-26,552 ,29 
2020-11-27,525 ,30 
2020-11-28,486 ,17 
2020-11-29,413 ,37 
2020-11-30,414 ,24 
2020-12-01,420 ,31 
2020-12-02,492 ,19 
2020-12-03,516 ,24 
2020-12-04,600 ,28 
2020-12-05,559 ,18 
2020-12-06,599 ,32 
2020-12-07,580 ,35 
2020-12-08,561 ,26 
2020-12-09,646 ,24 
2020-12-10,642 ,37 
2020-12-11,673 ,16 
2020-12-12,928 ,22 
2020-12-13,"1,000 ",30 
2020-12-14,682 ,36 
2020-12-15,847 ,32 
2020-12-16,"1,054 ",24 
2020-12-17,993 ,20 
2020-12-18,"1,038 ",26 
2020-12-19,"1,024 ",21 
2020-12-20,"1,071 ",25 
2020-12-21,891 ,33 
2020-12-22,821 ,45 
2020-12-23,"1,058 ",32 
2020-12-24,955 ,30 
2020-12-25,"1,215 ",25 
2020-12-26,"1,103 ",28 
2020-12-27,946 ,24 
2020-12-28,786 ,20 
2020-12-29,"1,027 ",16 
2020-12-30,"1,025 ",25 
2020-12-31,940 ,27 
2021-01-01,"1,002 ",25 
2021-01-02,784 ,36 
2021-01-03,641 ,16 
2021-01-04,986 ,34 
2021-01-05,672 ,42 
2021-01-06,807 ,31 
2021-01-07,832 ,37 
2021-01-08,632 ,42 
2021-01-09,596 ,45 
2021-01-10,623 ,34 
2021-01-11,419 ,32 
2021-01-12,510 ,27 
2021-01-13,535 ,26 
2021-01-14,496 ,28 
2021-01-15,483 ,29 
2021-01-16,547 ,33 
2021-01-17,500 ,20 
2021-01-18,366 ,23 
2021-01-19,351 ,35 
2021-01-20,373 ,31 
2021-01-21,381 ,19 
2021-01-22,314 ,32 
2021-01-23,403 ,28 
2021-01-24,369 ,23 
2021-01-25,405 ,32 
2021-01-26,333 ,16 
2021-01-27,516 ,43 
2021-01-28,479 ,18 
2021-01-29,445 ,24 
2021-01-30,421 ,35 
2021-01-31,322 ,31 
2021-02-01,285 ,20 
2021-02-02,295 ,41 
2021-02-03,433 ,34 
2021-02-04,429 ,22 
2021-02-05,350 ,20 
2021-02-06,362 ,28 
2021-02-07,325 ,46 
2021-02-08,264 ,24 
2021-02-09,273 ,30 
2021-02-10,414 ,30 
2021-02-11,467 ,37 
2021-02-12,384 ,19 
2021-02-13,345 ,17 
2021-02-14,304 ,22 
2021-02-15,322 ,21 
2021-02-16,429 ,28 
2021-02-17,590 ,31 
2021-02-18,590 ,31 
2021-02-19,533 ,28 
2021-02-20,415 ,32 
2021-02-21,391 ,25 
2021-02-22,313 ,19 
2021-02-23,329 ,27 
2021-02-24,417 ,23 
2021-02-25,368 ,27 
2021-02-26,363 ,24 
2021-02-27,405 ,10 
2021-02-28,333 ,22 
2021-03-01,338 ,17 
2021-03-02,319 ,25 
2021-03-03,426 ,18 
2021-03-04,401 ,23 
2021-03-05,381 ,17 
2021-03-06,404 ,14 
2021-03-07,398 ,18 
2021-03-08,335 ,11 
2021-03-09,427 ,19 
2021-03-10,452 ,18 
2021-03-11,444 ,21 
2021-03-12,467 ,21 
2021-03-13,474 ,16 
2021-03-14,436 ,23 
2021-03-15,367 ,12 
2021-03-16,345 ,18 
2021-03-17,452 ,17 
2021-03-18,427 ,18 
2021-03-19,441 ,22 
2021-03-20,435 ,12 
2021-03-21,437 ,19 
2021-03-22,396 ,19 
2021-03-23,331 ,15 
2021-03-24,411 ,17 
2021-03-25,419 ,11 
2021-03-26,466 ,23 
2021-03-27,490 ,15 
2021-03-28,461 ,20 
2021-03-29,369 ,13 
2021-03-30,429 ,18 
2021-03-31,491 ,15 
2021-04-01,537 ,14 
2021-04-02,532 ,25 
2021-04-03,520 ,22 
2021-04-04,514 ,29 
2021-04-05,449 ,24 
2021-04-06,459 ,18 
2021-04-07,653 ,15 
2021-04-08,674 ,26 
2021-04-09,644 ,27 
2021-04-10,662 ,15 
2021-04-11,594 ,20 
2021-04-12,560 ,27 
2021-04-13,528 ,14 
2021-04-14,714 ,17 
2021-04-15,670 ,28 
2021-04-16,652 ,21 
2021-04-17,630 ,28 
2021-04-18,648 ,23 
2021-04-19,512 ,20 
2021-04-20,529 ,20 
2021-04-21,692 ,39 
2021-04-22,715 ,20 
2021-04-23,758 ,39 
2021-04-24,759 ,26 
2021-04-25,603 ,41 
2021-04-26,469 ,30 
2021-04-27,477 ,35 
2021-04-28,748 ,21 
2021-04-29,648 ,31 
2021-04-30,642 ,19 
2021-05-01,592 ,34 
2021-05-02,585 ,21 
2021-05-03,464 ,23 
2021-05-04,514 ,27 
2021-05-05,651 ,25 
2021-05-06,562 ,12 
2021-05-07,509 ,16 
2021-05-08,672 ,29 
2021-05-09,522 ,42 
2021-05-10,436 ,27 
2021-05-11,483 ,27 
2021-05-12,612 ,22 
2021-05-13,692 ,23 
2021-05-14,729 ,18 
2021-05-15,661 ,20 
2021-05-16,572 ,38 
2021-05-17,597 ,22 
2021-05-18,506 ,22 
2021-05-19,637 ,17 
2021-05-20,619 ,27 
2021-05-21,542 ,19 
2021-05-22,633 ,33 
2021-05-23,570 ,15 
2021-05-24,505 ,25 
2021-05-25,481 ,35 
2021-05-26,684 ,21 
2021-05-27,620 ,9 
2021-05-28,571 ,16 
2021-05-29,505 ,28 
2021-05-30,464 ,16 
2021-05-31,411 ,19 
2021-06-01,449 ,10 
2021-06-02,654 ,23 
2021-06-03,672 ,9 
2021-06-04,674 ,21 
2021-06-05,725 ,19 
2021-06-06,541 ,15 
2021-06-07,454 ,31 
2021-06-08,435 ,19 
2021-06-09,581 ,21 
2021-06-10,593 ,17 
2021-06-11,541 ,15 
2021-06-12,525 ,40 
2021-06-13,419 ,33 
2021-06-14,360 ,39 
2021-06-15,347 ,26 
2021-06-16,522 ,23 
2021-06-17,523 ,17 
2021-06-18,485 ,22 
2021-06-19,456 ,26 
2021-06-20,380 ,49 
2021-06-21,317 ,40 
2021-06-22,350 ,44 
2021-06-23,605 ,40 
2021-06-24,576 ,34 
2021-06-25,602 ,32 
2021-06-26,611 ,57 
2021-06-27,570 ,44 
2021-06-28,472 ,29 
2021-06-29,560 ,35 
2021-06-30,759 ,35 
2021-07-01,711 ,50 
2021-07-02,765 ,60 
2021-07-03,748 ,46 
2021-07-04,662 ,81 
2021-07-05,644 ,67 
2021-07-06,690 ,56 
2021-07-07,"1,166 ",45 
2021-07-08,"1,227 ",48 
2021-07-09,"1,236 ",80 
2021-07-10,"1,320 ",58 
2021-07-11,"1,280 ",44 
2021-07-12,"1,063 ",37 
2021-07-13,"1,097 ",53 
2021-07-14,"1,566 ",47 
2021-07-15,"1,554 ",45 
2021-07-16,"1,474 ",60 
2021-07-17,"1,400 ",49 
2021-07-18,"1,402 ",51 
2021-07-19,"1,207 ",44 
2021-07-20,"1,242 ",36 
2021-07-21,"1,725 ",56 
2021-07-22,"1,532 ",309 
2021-07-23,"1,573 ",56 
2021-07-24,"1,572 ",55 
2021-07-25,"1,422 ",65 
2021-07-26,"1,264 ",54 
2021-07-27,"1,273 ",89 
2021-07-28,"1,822 ",73 
2021-07-29,"1,631 ",42 
2021-07-30,"1,662 ",48 
2021-07-31,"1,465 ",73 
2021-08-01,"1,386 ",56 
2021-08-02,"1,150 ",68 
2021-08-03,"1,150 ",50 
2021-08-04,"1,664 ",61 
2021-08-05,"1,716 ",59 
2021-08-06,"1,640 ",64 
2021-08-07,"1,762 ",61 
2021-08-08,"1,668 ",59 
2021-08-09,"1,453 ",36 
2021-08-10,"1,474 ",63 
2021-08-11,"2,144 ",77 
2021-08-12,"1,947 ",40 
2021-08-13,"1,913 ",76 
2021-08-14,"1,858 ",70 
2021-08-15,"1,748 ",68 
2021-08-16,"1,491 ",63 
2021-08-17,"1,322 ",50 
2021-08-18,"1,766 ",37 
2021-08-19,"2,114 ",38 
2021-08-20,"1,999 ",50 
2021-08-21,"1,811 ",65 
2021-08-22,"1,588 ",38 
2021-08-23,"1,370 ",47 
2021-08-24,"1,469 ",38 
2021-08-25,"2,113 ",41 
2021-08-26,"1,828 ",53 
2021-08-27,"1,809 ",28 
2021-08-28,"1,736 ",55 
2021-08-29,"1,576 ",43 
2021-08-30,"1,424 ",61 
2021-08-31,"1,331 ",38 
2021-09-01,"1,991 ",33 
2021-09-02,"1,925 ",34 
2021-09-03,"1,674 ",34 
2021-09-04,"1,775 ",28 
2021-09-05,"1,461 ",29 
2021-09-06,"1,351 ",24 
2021-09-07,"1,563 ",34 
2021-09-08,"2,011 ",36 
2021-09-09,"2,018 ",30 
2021-09-10,"1,857 ",35 
2021-09-11,"1,815 ",49 
2021-09-12,"1,725 ",30 
2021-09-13,"1,409 ",24 
2021-09-14,"1,461 ",34 
2021-09-15,"2,054 ",23 
2021-09-16,"1,919 ",22 
2021-09-17,"1,972 ",35 
2021-09-18,"2,047 ",40 
2021-09-19,"1,870 ",39 
2021-09-20,"1,575 ",28 
2021-09-21,"1,697 ",32 
2021-09-22,"1,703 ",17 
2021-09-23,"1,697 ",18 
2021-09-24,"2,411 ",18 
2021-09-25,"3,240 ",28 
2021-09-26,"2,733 ",34 
2021-09-27,"2,353 ",27 
2021-09-28,"2,268 ",19 
2021-09-29,"2,855 ",26 
2021-09-30,"2,535 ",25 
2021-10-01,"2,449 ",34 
2021-10-02,"2,220 ",27 
2021-10-03,"2,056 ",28 
2021-10-04,"1,650 ",20 
2021-10-05,"1,555 ",19 
2021-10-06,"2,001 ",26 
2021-10-07,"2,397 ",27 
2021-10-08,"2,140 ",31 
2021-10-09,"1,923 ",29 
2021-10-10,"1,559 ",34 
2021-10-11,"1,284 ",13 
2021-10-12,"1,333 ",13 
2021-10-13,"1,568 ",13 
2021-10-14,"1,923 ",15 
2021-10-15,"1,669 ",14 
2021-10-16,"1,592 ",24 
2021-10-17,"1,403 ",17 
2021-10-18,"1,030 ",19 
2021-10-19,"1,048 ",25 
2021-10-20,"1,556 ",15 
2021-10-21,"1,430 ",11 
2021-10-22,"1,417 ",20 
2021-10-23,"1,486 ",21 
2021-10-24,"1,393 ",28 
2021-10-25,"1,167 ",23 
2021-10-26,"1,245 ",20 
2021-10-27,"1,931 ",21 
2021-10-28,"2,094 ",16 
2021-10-29,"2,092 ",30 
2021-10-30,"2,087 ",15 
2021-10-31,"2,052 ",9 
2021-11-01,"1,664 ",20 
2021-11-02,"1,577 ",11 
2021-11-03,"2,638 ",27 
2021-11-04,"2,457 ",25 
2021-11-05,"2,322 ",20 
2021-11-06,"2,217 ",29 
2021-11-07,"2,204 ",20 
2021-11-08,"1,731 ",27 
2021-11-09,"1,697 ",17 
2021-11-10,"2,408 ",16 
2021-11-11,"2,493 ",26 
2021-11-12,"2,358 ",10 
2021-11-13,"2,310 ",14 
2021-11-14,"2,399 ",18 
2021-11-15,"1,983 ",20 
2021-11-16,"2,109 ",15 
2021-11-17,"3,160 ",23 
2021-11-18,"3,271 ",20 
2021-11-19,"3,009 ",23 
2021-11-20,"3,186 ",17 
2021-11-21,"3,094 ",24 
2021-11-22,"2,806 ",20 
2021-11-23,"2,682 ",14 
2021-11-24,"4,086 ",28 
2021-11-25,"3,913 ",21 
2021-11-26,"3,876 ",18 
2021-11-27,"4,041 ",23 
2021-11-28,"3,889 ",35 
2021-11-29,"3,284 ",23 
2021-11-30,"3,002 ",29 
2021-12-01,"5,071 ",48 
2021-12-02,"5,237 ",24 
2021-12-03,"4,921 ",21 
2021-12-04,"5,324 ",25 
2021-12-05,"5,100 ",23 
2021-12-06,"4,294 ",29 
2021-12-07,"4,918 ",30 
2021-12-08,"7,139 ",33 
2021-12-09,"7,080 ",20 
2021-12-10,"6,976 ",39 
2021-12-11,"6,944 ",26 
2021-12-12,"6,652 ",28 
2021-12-13,"5,781 ",35 
2021-12-14,"5,522 ",42 
2021-12-15,"7,817 ",23 
2021-12-16,"7,583 ",31 
2021-12-17,"7,395 ",36 
2021-12-18,"7,278 ",29 
2021-12-19,"6,168 ",63 
2021-12-20,"5,253 ",60 
2021-12-21,"5,133 ",58 
2021-12-22,"7,356 ",91 
2021-12-23,"6,849 ",61 
2021-12-24,"6,159 ",70 
2021-12-25,"5,762 ",74 
2021-12-26,"5,333 ",80 
2021-12-27,"4,120 ",83 
2021-12-28,"3,775 ",88 
2021-12-29,"5,276 ",125 
2021-12-30,"4,928 ",104 
2021-12-31,"4,754 ",117 
2022-01-01,"4,306 ",105 
2022-01-02,"3,676 ",149 
2022-01-03,"2,989 ",135 
2022-01-04,"2,886 ",133 
2022-01-05,"4,231 ",210 
2022-01-06,"3,927 ",191 
2022-01-07,"3,521 ",185 
2022-01-08,"3,292 ",210 
2022-01-09,"3,131 ",233 
2022-01-10,"2,765 ",238 
2022-01-11,"2,805 ",282 
2022-01-12,"4,004 ",376 
2022-01-13,"3,773 ",385 
2022-01-14,"4,128 ",406 
2022-01-15,"4,068 ",344 
2022-01-16,"3,808 ",375 
2022-01-17,"3,548 ",304 
2022-01-18,"3,758 ",306 
2022-01-19,"5,421 ",374 
2022-01-20,"6,354 ",244 
2022-01-21,"6,478 ",284 
2022-01-22,"6,714 ",273 
2022-01-23,"7,338 ",282 
2022-01-24,"7,153 ",352 
2022-01-25,"8,354 ",214 
2022-01-26,"12,731 ",266 
2022-01-27,"14,288 ",217 
2022-01-28,"15,880 ",199 
2022-01-29,"17,310 ",189 
2022-01-30,"17,288 ",225 
2022-01-31,"16,837 ",229 
2022-02-01,"18,108 ",219 
2022-02-02,"20,097 ",162 
2022-02-03,"22,698 ",134 
2022-02-04,"27,265 ",156 
2022-02-05,"36,126 ",182 
2022-02-06,"38,482 ",191 
2022-02-07,"35,101 ",148 
2022-02-08,"36,594 ",100 
2022-02-09,"49,343 ",165 
2022-02-10,"54,015 ",87 
2022-02-11,"53,748 ",111 
2022-02-12,"54,806 ",111 
2022-02-13,"56,234 ",129 
2022-02-14,"54,418 ",105 
2022-02-15,"56,972 ",168 
2022-02-16,"90,248 ",163 
2022-02-17,"93,013 ",91 
2022-02-18,"109,665 ",115 
2022-02-19,"102,035 ",139 
2022-02-20,"104,695 ",99 
2022-02-21,"95,192 ",145 
2022-02-22,"99,401 ",130 
2022-02-23,"171,235 ",180 
2022-02-24,"169,806 ",168 
2022-02-25,"165,694 ",140 
2022-02-26,"166,027 ",142 
2022-02-27,"163,372 ",153 
2022-02-28,"139,444 ",160 
2022-03-01,"138,907 ",59 
2022-03-02,"219,125 ",69 
2022-03-03,"198,728 ",55 
2022-03-04,"266,738 ",82 
2022-03-05,"254,206 ",78 
2022-03-06,"243,501 ",88 
2022-03-07,"210,589 ",90 
2022-03-08,"202,570 ",75 
2022-03-09,"342,336 ",60 
2022-03-10,"327,435 ",57 
2022-03-11,"282,842 ",107 
2022-03-12,"383,537 ",74 
2022-03-13,"350,091 ",35 
2022-03-14,"309,679 ",62 
2022-03-15,"362,167 ",55 
2022-03-16,"400,369 ",76 
2022-03-17,"620,977 ",58 
2022-03-18,"406,739 ",39 
2022-03-19,"381,254 ",63 
2022-03-20,"334,521 ",24 
2022-03-21,"209,047 ",40 
2022-03-22,"353,805 ",45 
2022-03-23,"490,626 ",45 
2022-03-24,"395,419 ",67 
2022-03-25,"339,391 ",29 
2022-03-26,"335,426 ",49 
2022-03-27,"317,968 ",45 
2022-03-28,"187,099 ",30 
2022-03-29,"347,393 ",41 
2022-03-30,"424,500 ",32 
2022-03-31,"320,629 ",25 
2022-04-01,"280,157 ",53 
2022-04-02,"264,066 ",66 
2022-04-03,"234,208 ",25 
2022-04-04,"127,134 ",20 
2022-04-05,"266,030 ",36 
2022-04-06,"286,199 ",23 
2022-04-07,"224,722 ",41 
2022-04-08,"205,249 ",37 
2022-04-09,"185,461 ",45 
2022-04-10,"164,394 ",32 
2022-04-11,"90,869 ",26 
2022-04-12,"210,648 ",47 
2022-04-13,"195,323 ",40 
2022-04-14,"148,377 ",35 
2022-04-15,"125,790 ",17 
2022-04-16,"107,846 ",31 
2022-04-17,"92,935 ",22 
2022-04-18,"47,701 ",14 
2022-04-19,"118,432 ",28 
2022-04-20,"111,262 ",16 
2022-04-21,"90,795 ",35 
2022-04-22,"81,014 ",19 
2022-04-23,"75,366 ",35 
2022-04-24,"64,635 ",37 
2022-04-25,"34,319 ",39 
2022-04-26,"80,299 ",25 
2022-04-27,"76,712 ",39 
2022-04-28,"57,423 ",25 
2022-04-29,"50,521 ",31 
2022-04-30,"43,251 ",18 
2022-05-01,"37,716 ",37 
2022-05-02,"20,040 ",27 
2022-05-03,"51,068 ",42 
2022-05-04,"49,014 ",34 
2022-05-05,"42,253 ",28 
2022-05-06,"26,663 ",28 
2022-05-07,"39,557 ",27 
2022-05-08,"40,022 ",16 
2022-05-09,"20,565 ",16 
2022-05-10,"49,891 ",23 
2022-05-11,"43,868 ",37 
2022-05-12,"35,875 ",14 
2022-05-13,"32,419 ",14 
2022-05-14,"29,541 ",26 
2022-05-15,"25,392 ",26 
2022-05-16,"13,258 ",27 
2022-05-17,"35,076 ",25 
2022-05-18,"31,302 ",35 
2022-05-19,"28,103 ",14 
2022-05-20,"25,094 ",22 
2022-05-21,"23,435 ",12 
2022-05-22,"19,258 ",25 
2022-05-23,"9,952 ",18 
2022-05-24,"26,290 ",42 
2022-05-25,"23,917 ",21 
2022-05-26,"18,772 ",33 
2022-05-27,"16,522 ",45 
2022-05-28,"14,344 ",44 
2022-05-29,"12,616 ",26 
2022-05-30,"6,085 ",47 
2022-05-31,"17,132 ",43 
2022-06-01,"15,735 ",47 
2022-06-02,"9,849 ",33 
2022-06-03,"12,492 ",35 
2022-06-04,"11,978 ",40 
2022-06-05,"9,778 ",47 
2022-06-06,"4,994 ",17 
2022-06-07,"6,135 ",36 
2022-06-08,"13,274 ",61 
2022-06-09,"12,080 ",63 
2022-06-10,"9,254 ",47 
2022-06-11,"8,370 ",62 
2022-06-12,"7,290 ",79 
2022-06-13,"3,759 ",55 
2022-06-14,"9,719 ",42 
2022-06-15,"9,318 ",99 
2022-06-16,"7,885 ",85 
2022-06-17,"7,117 ",68 
2022-06-18,"6,739 ",77 
2022-06-19,"5,977 ",83 
2022-06-20,"3,422 ",94 
2022-06-21,"9,216 ",73 
2022-06-22,"8,868 ",102 
2022-06-23,"7,396 ",91 
2022-06-24,"7,075 ",112 
2022-06-25,"6,659 ",113 
2022-06-26,"6,099 ",135 
2022-06-27,"3,305 ",111 
2022-06-28,"9,762 ",117 
2022-06-29,"10,227 ",201 
2022-06-30,"9,439 ",144 
2022-07-01,"9,373 ",138 
2022-07-02,"10,529 ",172 
2022-07-03,"9,845 ",183 
2022-07-04,"6,076 ",156 
2022-07-05,"17,950 ",164 
2022-07-06,"19,112 ",223 
2022-07-07,"18,287 ",195 
2022-07-08,"19,100 ",186 
2022-07-09,"20,037 ",216 
2022-07-10,"20,123 ",245 
2022-07-11,"12,497 ",169 
2022-07-12,"37,073 ",251 
2022-07-13,"39,848 ",375 
2022-07-14,"38,821 ",318 
2022-07-15,"38,588 ",260 
2022-07-16,"41,010 ",274 
2022-07-17,"40,014 ",292 
2022-07-18,"25,944 ",315 
2022-07-19,"73,178 ",337 
2022-07-20,"75,915 ",418 
2022-07-21,"70,800 ",306 
2022-07-22,"68,259 ",315 
2022-07-23,"68,216 ",294 
2022-07-24,"65,033 ",309 
2022-07-25,"35,506 ",334 
2022-07-26,"98,850 ",349 
2022-07-27,"99,661 ",527 
2022-07-28,"87,905 ",408 
2022-07-29,"84,824 ",422 
2022-07-30,"81,517 ",384 
2022-07-31,"73,191 ",346 
2022-08-01,"44,172 ",439 
2022-08-02,"111,164 ",559 
2022-08-03,"119,251 ",584 
2022-08-04,"107,397 ",424 
2022-08-05,"112,312 ",481 
2022-08-06,"110,035 ",563 
2022-08-07,"104,962 ",473 
2022-08-08,"54,756 ",470 
2022-08-09,"149,255 ",578 
2022-08-10,"151,102 ",604 
2022-08-11,"136,635 ",501 
2022-08-12,"128,179 ",455 
2022-08-13,"124,053 ",462 
2022-08-14,"119,060 ",448 
2022-08-15,"61,643 ",389 
2022-08-16,"83,621 ",455 
2022-08-17,"180,168 ",560 
2022-08-18,"177,853 ",626 
2022-08-19,"138,279 ",462 
2022-08-20,"128,849 ",484 
2022-08-21,"110,493 ",393 
2022-08-22,"58,605 ",401 
2022-08-23,"149,690 ",492 
2022-08-24,"138,820 ",449 
2022-08-25,"112,963 ",366 
2022-08-26,"100,743 ",351 
2022-08-27,"95,163 ",390 
2022-08-28,"84,848 ",364 
2022-08-29,"42,749 ",351 
2022-08-30,"115,212 ",380 
2022-08-31,"103,445 ",456 
2022-09-01,"81,249 ",294 
2022-09-02,"89,216 ",320 
2022-09-03,"79,379 ",319 
2022-09-04,"71,864 ",235 
2022-09-05,"37,240 ",279 
2022-09-06,"99,517 ",276 
2022-09-07,"85,155 ",331 
2022-09-08,"72,394 ",218 
2022-09-09,"69,102 ",274 
2022-09-10,"42,446 ",231 
2022-09-11,"27,963 ",223 
2022-09-12,"36,710 ",201 
2022-09-13,"57,005 ",266 
2022-09-14,"93,633 ",312 
2022-09-15,"71,091 ",345 
2022-09-16,"51,497 ",340 
2022-09-17,"43,147 ",275 
2022-09-18,"34,493 ",235 
2022-09-19,"19,101 ",277 
2022-09-20,"47,568 ",311 
2022-09-21,"40,931 ",320 
2022-09-22,"32,732 ",254 
2022-09-23,"28,785 ",298 
2022-09-24,"29,029 ",295 
2022-09-25,"25,515 ",242 
2022-09-26,"13,935 ",214 
2022-09-27,"39,090 ",301 
2022-09-28,"35,745 ",374 
2022-09-29,"30,600 ",245 
2022-09-30,"28,211 ",273 
2022-10-01,"26,646 ",296 
2022-10-02,"23,332 ",240 
2022-10-03,"12,010 ",131 
2022-10-04,"16,306 ",106 
2022-10-05,"34,647 ",69 
2022-10-06,"28,550 ",82 
2022-10-07,"22,225 ",54 
2022-10-08,"19,359 ",60 
2022-10-09,"17,584 ",61 
2022-10-10,"8,921 ",47 
2022-10-11,"15,365 ",95 
2022-10-12,"30,439 ",70 
2022-10-13,"26,858 ",67 
2022-10-14,"23,511 ",60 
2022-10-15,"22,771 ",53 
2022-10-16,"21,366 ",87 
2022-10-17,"10,940 ",81 
2022-10-18,"33,128 ",87 
2022-10-19,"29,413 ",72 
2022-10-20,"25,312 ",53 
2022-10-21,"24,667 ",58 
2022-10-22,"26,842 ",48 
2022-10-23,"26,167 ",66 
2022-10-24,"14,242 ",54 
2022-10-25,"43,662 ",72 
2022-10-26,"40,731 ",80 
2022-10-27,"34,914 ",55 
2022-10-28,"35,852 ",60 
2022-10-29,"37,251 ",56 
2022-10-30,"34,444 ",46 
2022-10-31,"18,444 ",56 
2022-11-01,"58,286 ",68 
2022-11-02,"54,652 ",77 
2022-11-03,"46,819 ",55 
2022-11-04,"43,380 ",50 
2022-11-05,"40,831 ",56 
2022-11-06,"36,592 ",66 
2022-11-07,"18,601 ",60 
2022-11-08,"62,206 ",52 
2022-11-09,"62,417 ",42 
2022-11-10,"55,293 ",50 
2022-11-11,"54,446 ",49 
2022-11-12,"54,245 ",58 
2022-11-13,"48,389 ",53 
2022-11-14,"23,693 ",54 
2022-11-15,"72,809 ",50 
2022-11-16,"66,495 ",67 
2022-11-17,"55,371 ",39 
2022-11-18,"49,326 ",65 
2022-11-19,"50,509 ",50 
2022-11-20,"45,936 ",58 
2022-11-21,"23,011 ",61 
2022-11-22,"72,771 ",81 
2022-11-23,"70,226 ",69 
2022-11-24,"59,008 ",55 
2022-11-25,"53,643 ",38 
2022-11-26,"52,711 ",62 
2022-11-27,"46,936 ",70 
2022-11-28,"22,259 ",52 
2022-11-29,"71,376 ",84 
2022-11-30,"67,307 ",83 
2022-12-01,"57,012 ",43 
2022-12-02,"52,915 ",55 
2022-12-03,"52,792 ",55 
2022-12-04,"46,475 ",69 
2022-12-05,"23,070 ",80 
2022-12-06,"77,498 ",84 
2022-12-07,"74,633 ",59 
2022-12-08,"65,183 ",48 
2022-12-09,"62,660 ",50 
2022-12-10,"62,658 ",61 
2022-12-11,"54,241 ",52 
2022-12-12,"25,590 ",63 
2022-12-13,"86,763 ",56 
2022-12-14,"84,473 ",73 
2022-12-15,"70,101 ",38 
2022-12-16,"66,848 ",82 
2022-12-17,"66,847 ",57 
2022-12-18,"58,748 ",85 
2022-12-19,"26,527 ",81 
2022-12-20,"87,448 ",73 
2022-12-21,"88,074 ",69 
2022-12-22,"75,643 ",73 
2022-12-23,"68,046 ",95 
2022-12-24,"66,116 ",66 
2022-12-25,"58,338 ",64 
2022-12-26,"25,456 ",67 
2022-12-27,"87,507 ",66 
2022-12-28,"87,424 ",56 
2022-12-29,"71,320 ",72 
2022-12-30,"65,125 ",69 
2022-12-31,"63,019 ",67 
2023-01-01,"57,384 ",108 
2023-01-02,"22,684 ",36 
2023-01-03,"80,966 ",61 
2023-01-04,"78,380 ",160 
2023-01-05,"63,887 ",188 
2023-01-06,"56,666 ",254 
2023-01-07,"53,552 ",218 
2023-01-08,"46,606 ",131 
2023-01-09,"18,971 ",110 
2023-01-10,"59,934 ",85 
2023-01-11,"54,202 ",113 
2023-01-12,"43,795 ",124 
2023-01-13,"39,564 ",136 
2023-01-14,"36,578 ",98 
2023-01-15,"32,448 ",101 
2023-01-16,"14,065 ",62 
2023-01-17,"40,078 ",91 
2023-01-18,"36,807 ",76 
2023-01-19,"29,738 ",62 
2023-01-20,"27,285 ",90 
2023-01-21,"27,553 ",84 
2023-01-22,"16,545 ",67 
2023-01-23,"9,156 ",54 
2023-01-24,"12,216 ",31 
2023-01-25,"19,494 ",27 
2023-01-26,"35,041 ",30 
2023-01-27,"31,647 ",48 
2023-01-28,"23,549 ",41 
2023-01-29,"18,824 ",37 
2023-01-30,"7,389 ",22 
2023-01-31,"19,582 ",29 
2023-02-01,"20,384 ",28 
2023-02-02,"16,807 ",42 
2023-02-03,"14,925 ",26 
2023-02-04,"14,572 ",40 
2023-02-05,"13,971 ",33 
2023-02-06,"5,827 ",20 
2023-02-07,"16,080 ",29 
2023-02-08,"17,882 ",38 
2023-02-09,"14,645 ",13 
2023-02-10,"13,458 ",39 
2023-02-11,"12,775 ",24 
2023-02-12,"12,009 ",29 
2023-02-13,"5,150 ",16 
2023-02-14,"14,335 ",26 
2023-02-15,"14,929 ",19 
2023-02-16,"12,487 ",24 
2023-02-17,"11,406 ",24 
2023-02-18,"10,688 ",26 
2023-02-19,"10,245 ",23 
2023-02-20,"4,303 ",13 
2023-02-21,"11,841 ",26 
2023-02-22,"13,035 ",32 
2023-02-23,"10,811 ",28 
2023-02-24,"10,012 ",25 
2023-02-25,"10,021 ",29 
2023-02-26,"9,187 ",17 
2023-02-27,"4,002 ",14 
2023-02-28,"10,777 ",30 
2023-03-01,"12,262 ",24 
2023-03-02,"7,526 ",21 
2023-03-03,"10,383 ",20 
2023-03-04,"11,220 ",21 
2023-03-05,"9,792 ",15 
2023-03-06,"4,274 ",19 
2023-03-07,"12,254 ",18 
2023-03-08,"12,775 ",12 
2023-03-09,"10,874 ",7 
2023-03-10,"10,317 ",10 
2023-03-11,"9,984 ",15 
2023-03-12,"9,318 ",13 
2023-03-13,"4,184 ",12 
2023-03-14,"11,386 ",11 
2023-03-15,"11,871 ",21 
2023-03-16,"9,918 ",10 
2023-03-17,"9,050 ",11 
2023-03-18,"9,231 ",15 
2023-03-19,"8,788 ",12 
2023-03-20,"3,912 ",12 
2023-03-21,"11,992 ",17 
2023-03-22,"13,048 ",23 
2023-03-23,"11,374 ",21 
2023-03-24,"10,261 ",14 
2023-03-25,"10,429 ",17 
2023-03-26,"9,333 ",21 
2023-03-27,"4,190 ",9 
2023-03-28,"12,108 ",14 
2023-03-29,"13,112 ",15 
2023-03-30,"11,015 ",13 
2023-03-31,"10,340 ",18 
2023-04-01,"10,502 ",13 
2023-04-02,"9,668 ",18 
2023-04-03,"4,330 ",18 
2023-04-04,"13,347 ",16 
2023-04-05,"14,444 ",10 
2023-04-06,"12,059 ",12 
2023-04-07,"10,707 ",17 
2023-04-08,"10,346 ",14 
2023-04-09,"9,524 ",14 
2023-04-10,"3,987 ",8 
2023-04-11,"12,413 ",23 
2023-04-12,"13,908 ",9 
2023-04-13,"11,574 ",15 
2023-04-14,"11,646 ",15 
2023-04-15,"11,650 ",24 
2023-04-16,"10,160 ",22 
2023-04-17,"4,914 ",22 
2023-04-18,"15,144 ",19 
2023-04-19,"16,461 ",34 
2023-04-20,"14,062 ",22 
2023-04-21,"13,567 ",21 
2023-04-22,"13,761 ",28 
2023-04-23,"11,800 ",21 
2023-04-24,"5,000 ",20 
2023-04-25,"14,787 ",22 
2023-04-26,"16,365 ",13 
2023-04-27,"14,229 ",43 
2023-04-28,"13,757 ",21 
2023-04-29,"14,772 ",35 
2023-04-30,"13,578 ",32 
2023-05-01,"5,748 ",23 
2023-05-02,"15,702 ",27 
2023-05-03,"20,164 ",26 
2023-05-04,"20,116 ",23 
2023-05-05,"18,701 ",37 
2023-05-06,"11,767 ",20 
2023-05-07,"14,708 ",26 
2023-05-08,"8,121 ",33 
2023-05-09,"21,640 ",34 
2023-05-10,"23,470 ",43 
2023-05-11,"20,535 ",32 
2023-05-12,"19,966 ",17 
2023-05-13,"19,311 ",30 
2023-05-14,"17,365 ",17 
2023-05-15,"7,135 ",38 
2023-05-16,"23,637 ",33 
2023-05-17,"26,088 ",39 
2023-05-18,"21,753 ",30 
2023-05-19,"19,526 ",50 
2023-05-20,"18,079 ",19 
2023-05-21,"16,764 ",38 
2023-05-22,"6,772 ",22 
2023-05-23,"21,333 ",43 
2023-05-24,"22,910 ",40 
2023-05-25,"19,046 ",24 
2023-05-26,"17,897 ",28 
2023-05-27,"17,755 ",37 
2023-05-28,"11,701 ",23 
2023-05-29,"6,844 ",19 
2023-05-30,"13,498 ",19 
2023-05-31,"24,357 ",48 
2023-06-01,"24,565 ",33 
2023-06-02,"19,690 ",28 
2023-06-03,"18,712 ",24 
2023-06-04,"16,155 ",16 
2023-06-05,"6,929 ",16 
2023-06-06,"19,487 ",19 
2023-06-07,"15,133 ",21 
2023-06-08,"20,428 ",20 
2023-06-09,"21,190 ",21 
2023-06-10,"17,744 ",20 
2023-06-11,"15,980 ",21 
2023-06-12,"4,963 ",14 
2023-06-13,"20,785 ",19 
2023-06-14,"20,692 ",17 
2023-06-15,"17,396 ",22 
2023-06-16,"16,473 ",12 
2023-06-17,"16,730 ",17 
2023-06-18,"15,299 ",17 
2023-06-19,"6,365 ",10 
2023-06-20,"19,719 ",15 
2023-06-21,"20,945 ",16 
2023-06-22,"17,098 ",33 
2023-06-23,"16,232 ",14 
2023-06-24,"16,396 ",17 
2023-06-25,"16,054 ",8 
2023-06-26,"6,577 ",15 
2023-06-27,"20,835 ",12 
2023-06-28,"21,512 ",21 
2023-06-29,"19,285 ",12 
2023-06-30,"18,856 ",21 
2023-07-01,"18,862 ",20 
2023-07-02,"17,578 ",12 
2023-07-03,"7,507 ",6 
2023-07-04,"25,647 ",13 
2023-07-05,"27,425 ",9 
2023-07-06,"24,336 ",20 
2023-07-07,"24,753 ",14 
2023-07-08,"25,654 ",18 
2023-07-09,"22,550 ",16 
2023-07-10,"9,249 ",6 
2023-07-11,"31,212 ",12 
2023-07-12,"34,105 ",13 
2023-07-13,"29,335 ",12 
2023-07-14,"29,533 ",23 
2023-07-15,"30,860 ",10 
2023-07-16,"28,407 ",13 
2023-07-17,"12,112 ",2 
2023-07-18,"41,972 ",21 
2023-07-19,"47,018 ",10 
2023-07-20,"40,838 ",18 
2023-07-21,"40,883 ",14 
2023-07-22,"42,480 ",17 
2023-07-23,"41,563 ",10 
2023-07-24,"16,765 ",13 
2023-07-25,"50,803 ",10 
2023-07-26,"57,200 ",16 
2023-07-27,"51,227 ",12 
2023-07-28,"48,059 ",10 
2023-07-29,"48,190 ",6 
2023-07-30,"44,744 ",5 
2023-07-31,"18,373 ",6 
2023-08-01,"56,086 ",10 
2023-08-02,"64,142 ",6 
2023-08-03,"55,446 ",7 
2023-08-04,"54,703 ",10 
2023-08-05,"53,100 ",11 
2023-08-06,"48,874 ",11 
2023-08-07,"20,234 ",7 
2023-08-08,"61,372 ",5 
2023-08-09,"65,681 ",15 
2023-08-10,"55,865 ",9 
2023-08-11,"49,319 ",16 
2023-08-12,"47,831 ",9 
2023-08-13,"45,718 ",11 
2023-08-14,"17,222 ",4 
2023-08-15,"47,095 ",15 
2023-08-16,"36,953 ",8 
2023-08-17,"49,835 ",13 
2023-08-18,"50,910 ",10 
2023-08-19,"44,052 ",1 
2023-08-20,"38,969 ",5 
2023-08-21,"14,554 ",10 
2023-08-22,"47,372 ",12 
2023-08-23,"48,152 ",9 
2023-08-24,"40,807 ",8 
2023-08-25,"37,500 ",4 
2023-08-26,"36,879 ",7 
2023-08-27,"32,960 ",7 
2023-08-28,"13,148 ",1 
2023-08-29,"42,992 ",6 
2023-08-30,"42,576 ",10 
2023-08-31,"50,453 ",11 
